# format,impl,variant,scale_mb,GBps_mean,GBps_p50,GBps_p95,GBps_min,GBps_max,tokens,bytes_moved
json,pars,P3,8,0.404,0.459,0.459,0.288,0.466,2135295,34012196
json,simdjson,P,8,0.974,1.005,1.005,0.815,1.101,0,8388656
toml,pars,P3,8,0.911,0.952,0.952,0.815,0.965,814430,8388629
ini,pars,P3,8,0.426,0.436,0.436,0.406,0.437,1613200,8388640
xml,pars,P3,8,0.790,0.787,0.787,0.781,0.802,1398103,8388618
json,pars,P3,16,0.415,0.448,0.448,0.319,0.477,4270575,68024156
json,simdjson,P,16,1.057,1.124,1.124,0.866,1.180,0,16777256
toml,pars,P3,16,0.941,0.981,0.981,0.844,0.999,1628860,16777258
ini,pars,P3,16,0.445,0.447,0.447,0.427,0.462,3226390,16777228
xml,pars,P3,16,0.813,0.808,0.808,0.804,0.828,2796206,16777236
json,pars,P3,32,0.386,0.436,0.436,0.277,0.446,8541135,136048076
json,simdjson,P,32,1.045,1.122,1.122,0.818,1.196,0,33554456
toml,pars,P3,32,0.962,0.947,0.947,0.932,1.007,3257720,33554516
ini,pars,P3,32,0.419,0.439,0.439,0.373,0.444,6452780,33554456
xml,pars,P3,32,0.831,0.831,0.831,0.819,0.842,5592412,33554472
json,pars,P3,64,0.395,0.451,0.451,0.277,0.457,17082269,272096139
json,simdjson,P,64,0.918,0.990,0.990,0.762,1.003,0,67108911
toml,pars,P3,64,0.934,0.940,0.940,0.915,0.948,6515430,67108929
ini,pars,P3,64,0.267,0.261,0.261,0.257,0.282,12905560,67108912
xml,pars,P3,64,0.807,0.811,0.811,0.791,0.818,11184817,67108902
json,pars,P3,128,0.380,0.450,0.450,0.240,0.451,34164523,544192042
json,simdjson,P,128,0.930,1.126,1.126,0.539,1.126,0,134217766
toml,pars,P3,128,0.653,0.650,0.650,0.648,0.660,13030850,134217755
ini,pars,P3,128,0.250,0.249,0.249,0.243,0.257,25811110,134217772
xml,pars,P3,128,0.804,0.802,0.802,0.801,0.809,22369627,134217762
json,pars,P3,256,0.321,0.381,0.381,0.183,0.400,68329031,1088383848
json,simdjson,P,256,0.895,1.113,1.113,0.440,1.131,0,268435476
toml,pars,P3,256,0.619,0.607,0.607,0.601,0.649,26061700,268435510
ini,pars,P3,256,0.260,0.260,0.260,0.258,0.263,51622210,268435492
xml,pars,P3,256,0.791,0.802,0.802,0.763,0.807,44739247,268435482
json,pars,P3,512,0.322,0.391,0.391,0.184,0.393,136658061,2176767683
json,simdjson,P,512,0.865,1.058,1.058,0.443,1.092,0,536870951
toml,pars,P3,512,0.594,0.588,0.588,0.588,0.605,52123390,536870917
ini,pars,P3,512,0.231,0.234,0.234,0.221,0.238,103244410,536870932
xml,pars,P3,512,0.785,0.782,0.782,0.781,0.793,89478487,536870922
