# format,scale_mb,r1_ms,r2r4_ms,r3r5_ms,r6_ms
json,8,1.528,0.249,1.099,0.878
csv,8,1.542,0.060,0.412,0.005
toml,8,1.568,0.375,0.915,0.690
clike,8,1.586,0.341,0.260,0.004
ini,8,1.513,0.225,0.476,0.005
xml,8,1.514,0.325,0.427,0.005
json,16,1.818,0.343,1.286,1.133
csv,16,1.807,0.068,0.422,0.004
toml,16,1.817,0.607,1.001,0.800
clike,16,1.822,0.548,0.313,0.004
ini,16,1.767,0.343,0.503,0.004
xml,16,1.781,0.520,0.473,0.004
json,32,2.121,0.671,1.646,1.794
csv,32,2.054,0.069,0.477,0.003
toml,32,2.026,0.802,1.144,0.848
clike,32,1.976,0.725,0.434,0.003
ini,32,2.023,0.436,0.565,0.003
xml,32,2.086,0.888,0.573,0.003
json,64,2.275,0.987,2.073,2.547
csv,64,2.171,0.085,0.580,0.003
toml,64,2.245,1.244,1.217,1.055
clike,64,2.183,1.051,0.483,0.003
ini,64,2.151,0.609,0.668,0.003
xml,64,2.206,1.161,0.646,0.003
json,128,2.979,2.349,3.533,5.123
csv,128,2.497,0.151,0.743,0.002
toml,128,2.565,2.265,1.451,1.568
clike,128,2.431,2.026,0.657,0.002
ini,128,2.592,1.148,1.004,0.003
xml,128,2.664,1.896,0.866,0.003
json,256,3.228,2.543,4.316,6.965
csv,256,2.915,0.275,1.172,0.002
toml,256,3.135,4.443,1.998,2.623
clike,256,2.947,4.015,1.005,0.003
ini,256,2.950,2.207,1.689,0.002
xml,256,3.048,3.713,1.423,0.003
json,512,5.914,7.330,7.706,13.366
csv,512,4.171,0.501,2.011,0.004
toml,512,5.744,12.078,3.530,5.341
clike,512,4.053,7.864,1.662,0.003
ini,512,4.193,4.328,3.061,0.003
xml,512,4.635,7.337,2.518,0.004
